Index	Name	Type	Microbiome	SRA_accession	Reference	Comments
	Muegge_mammals_animals_illumina	16s rRNA	Includes but not limeted to Red Kangaroo's gut microbiome	ERR3861428	https://www.ncbi.nlm.nih.gov/Traces/study/?acc=ERP119739&o=acc_s%3Aa	Found this study from SRA and I was not able to find the paper
	Spatial dynamics of the bacterial community structure in the gastrointestinal tract of red kangaroo	16S rRNA	Red Kangaroo Gut Microbiome	SRP066531	DOI: 10.1007/s11274-016-2054-z	Looks like a comprehensive dataset for kangaroo
	normal 16S rDNA Amplicon of rumen fulid	16S rRNA	Capra hircus(Goat)	SRP408856	https://trace.ncbi.nlm.nih.gov/Traces/study/?acc=SRP408856&o=acc_s%3Aa	Could not find the paper
	16S rRNA analysis of rumen prokaryotic microbiota after Pinus koraiensis essential oil supplementation in goats Raw sequence reads	16S rRNA	Capra hircus coreanae(Goat)	SRP401481	https://trace.ncbi.nlm.nih.gov/Traces/study/?acc=SRP401481&o=acc_s%3Aa	Could not find the paper for this study
	Leizhou goat life-long gut microbiome	16S rRNA	Goat	SRP399672	https://trace.ncbi.nlm.nih.gov/Traces/study/?acc=SRP399672&o=acc_s%3Aa	Could not find the paper for this study
	Normal 16S-seq rumen liquid of cashmere goat	16S rRNA	Capra hircus (Goat)	SRP395763	https://trace.ncbi.nlm.nih.gov/Traces/study/?acc=SRP395763&o=acc_s%3Aa	Could not find the paper for this study
	Muegge_mammals_animals_illumina	16s rRNA	Includes but not limeted to Red Kangaroo's gut microbiome	ERR3861429	https://www.ncbi.nlm.nih.gov/Traces/study/?acc=ERP119739&o=acc_s%3Aa	Found this study from SRA and I was not able to find the paper
	gut microbiome of farm animals	16S rRNA	Farm animals including goats	SRR17182623	https://trace.ncbi.nlm.nih.gov/Traces/study/?acc=SRP350029&o=acc_s%3Aa	Could not find the paper for this study. This is an immense study that includes a lot of farm animals
	gut microbiome of farm animals	16S rRNA	Farm animals including goats	SRR17182624	https://trace.ncbi.nlm.nih.gov/Traces/study/?acc=SRP350029&o=acc_s%3Aa	Could not find the paper for this study. This is an immense study that includes a lot of farm animals
	gut microbiome of farm animals	16S rRNA	Farm animals including goats	SRR17182625	https://trace.ncbi.nlm.nih.gov/Traces/study/?acc=SRP350029&o=acc_s%3Aa	Could not find the paper for this study. This is an immense study that includes a lot of farm animals
	gut microbiome of farm animals	16S rRNA	Farm animals including goats	SRR17182626	https://trace.ncbi.nlm.nih.gov/Traces/study/?acc=SRP350029&o=acc_s%3Aa	Could not find the paper for this study. This is an immense study that includes a lot of farm animals
	gut microbiome of farm animals	16S rRNA	Farm animals including goats	SRR17182627	https://trace.ncbi.nlm.nih.gov/Traces/study/?acc=SRP350029&o=acc_s%3Aa	Could not find the paper for this study. This is an immense study that includes a lot of farm animals
	gut microbiome of farm animals	16S rRNA	Farm animals including goats	SRR17182628	https://trace.ncbi.nlm.nih.gov/Traces/study/?acc=SRP350029&o=acc_s%3Aa	Could not find the paper for this study. This is an immense study that includes a lot of farm animals
	gut microbiome of farm animals	16S rRNA	Farm animals including goats	SRR17182629	https://trace.ncbi.nlm.nih.gov/Traces/study/?acc=SRP350029&o=acc_s%3Aa	Could not find the paper for this study. This is an immense study that includes a lot of farm animals
	gut microbiome of farm animals	16S rRNA	Farm animals including goats	SRR17182630	https://trace.ncbi.nlm.nih.gov/Traces/study/?acc=SRP350029&o=acc_s%3Aa	Could not find the paper for this study. This is an immense study that includes a lot of farm animals
	gut microbiome of farm animals	16S rRNA	Farm animals including goats	SRR17182631	https://trace.ncbi.nlm.nih.gov/Traces/study/?acc=SRP350029&o=acc_s%3Aa	Could not find the paper for this study. This is an immense study that includes a lot of farm animals
	gut microbiome of farm animals	16S rRNA	Farm animals including goats	SRR17182632	https://trace.ncbi.nlm.nih.gov/Traces/study/?acc=SRP350029&o=acc_s%3Aa	Could not find the paper for this study. This is an immense study that includes a lot of farm animals
	gut microbiome of farm animals	16S rRNA	Farm animals including goats	SRR17182633	https://trace.ncbi.nlm.nih.gov/Traces/study/?acc=SRP350029&o=acc_s%3Aa	Could not find the paper for this study. This is an immense study that includes a lot of farm animals
	gut microbiome of farm animals	16S rRNA	Farm animals including goats	SRR17182634	https://trace.ncbi.nlm.nih.gov/Traces/study/?acc=SRP350029&o=acc_s%3Aa	Could not find the paper for this study. This is an immense study that includes a lot of farm animals
	gut microbiome of farm animals	16S rRNA	Farm animals including goats	SRR17182635	https://trace.ncbi.nlm.nih.gov/Traces/study/?acc=SRP350029&o=acc_s%3Aa	Could not find the paper for this study. This is an immense study that includes a lot of farm animals
	gut microbiome of farm animals	16S rRNA	Farm animals including goats	SRR17182636	https://trace.ncbi.nlm.nih.gov/Traces/study/?acc=SRP350029&o=acc_s%3Aa	Could not find the paper for this study. This is an immense study that includes a lot of farm animals
	gut microbiome of farm animals	16S rRNA	Farm animals including goats	SRR17182637	https://trace.ncbi.nlm.nih.gov/Traces/study/?acc=SRP350029&o=acc_s%3Aa	Could not find the paper for this study. This is an immense study that includes a lot of farm animals
	gut microbiome of farm animals	16S rRNA	Farm animals including goats	SRR17182638	https://trace.ncbi.nlm.nih.gov/Traces/study/?acc=SRP350029&o=acc_s%3Aa	Could not find the paper for this study. This is an immense study that includes a lot of farm animals
	gut microbiome of farm animals	16S rRNA	Farm animals including goats	SRR17182639	https://trace.ncbi.nlm.nih.gov/Traces/study/?acc=SRP350029&o=acc_s%3Aa	Could not find the paper for this study. This is an immense study that includes a lot of farm animals
	gut microbiome of farm animals	16S rRNA	Farm animals including goats	SRR17182640	https://trace.ncbi.nlm.nih.gov/Traces/study/?acc=SRP350029&o=acc_s%3Aa	Could not find the paper for this study. This is an immense study that includes a lot of farm animals
	gut microbiome of farm animals	16S rRNA	Farm animals including goats	SRR17182641	https://trace.ncbi.nlm.nih.gov/Traces/study/?acc=SRP350029&o=acc_s%3Aa	Could not find the paper for this study. This is an immense study that includes a lot of farm animals
	gut microbiome of farm animals	16S rRNA	Farm animals including goats	SRR17182642	https://trace.ncbi.nlm.nih.gov/Traces/study/?acc=SRP350029&o=acc_s%3Aa	Could not find the paper for this study. This is an immense study that includes a lot of farm animals
	gut microbiome of farm animals	16S rRNA	Farm animals including goats	SRR17182643	https://trace.ncbi.nlm.nih.gov/Traces/study/?acc=SRP350029&o=acc_s%3Aa	Could not find the paper for this study. This is an immense study that includes a lot of farm animals
	gut microbiome of farm animals	16S rRNA	Farm animals including goats	SRR17182644	https://trace.ncbi.nlm.nih.gov/Traces/study/?acc=SRP350029&o=acc_s%3Aa	Could not find the paper for this study. This is an immense study that includes a lot of farm animals
	gut microbiome of farm animals	16S rRNA	Farm animals including goats	SRR17182645	https://trace.ncbi.nlm.nih.gov/Traces/study/?acc=SRP350029&o=acc_s%3Aa	Could not find the paper for this study. This is an immense study that includes a lot of farm animals
	gut microbiome of farm animals	16S rRNA	Farm animals including goats	SRR17182646	https://trace.ncbi.nlm.nih.gov/Traces/study/?acc=SRP350029&o=acc_s%3Aa	Could not find the paper for this study. This is an immense study that includes a lot of farm animals
	gut microbiome of farm animals	16S rRNA	Farm animals including goats	SRR17182647	https://trace.ncbi.nlm.nih.gov/Traces/study/?acc=SRP350029&o=acc_s%3Aa	Could not find the paper for this study. This is an immense study that includes a lot of farm animals
	gut microbiome of farm animals	16S rRNA	Farm animals including goats	SRR17182648	https://trace.ncbi.nlm.nih.gov/Traces/study/?acc=SRP350029&o=acc_s%3Aa	Could not find the paper for this study. This is an immense study that includes a lot of farm animals
	gut microbiome of farm animals	16S rRNA	Farm animals including goats	SRR17182649	https://trace.ncbi.nlm.nih.gov/Traces/study/?acc=SRP350029&o=acc_s%3Aa	Could not find the paper for this study. This is an immense study that includes a lot of farm animals
	gut microbiome of farm animals	16S rRNA	Farm animals including goats	SRR17182650	https://trace.ncbi.nlm.nih.gov/Traces/study/?acc=SRP350029&o=acc_s%3Aa	Could not find the paper for this study. This is an immense study that includes a lot of farm animals
	gut microbiome of farm animals	16S rRNA	Farm animals including goats	SRR17182651	https://trace.ncbi.nlm.nih.gov/Traces/study/?acc=SRP350029&o=acc_s%3Aa	Could not find the paper for this study. This is an immense study that includes a lot of farm animals
	gut microbiome of farm animals	16S rRNA	Farm animals including goats	SRR17182652	https://trace.ncbi.nlm.nih.gov/Traces/study/?acc=SRP350029&o=acc_s%3Aa	Could not find the paper for this study. This is an immense study that includes a lot of farm animals
	gut microbiome of farm animals	16S rRNA	Farm animals including goats	SRR17182653	https://trace.ncbi.nlm.nih.gov/Traces/study/?acc=SRP350029&o=acc_s%3Aa	Could not find the paper for this study. This is an immense study that includes a lot of farm animals
	gut microbiome of farm animals	16S rRNA	Farm animals including goats	SRR17182654	https://trace.ncbi.nlm.nih.gov/Traces/study/?acc=SRP350029&o=acc_s%3Aa	Could not find the paper for this study. This is an immense study that includes a lot of farm animals
	gut microbiome of farm animals	16S rRNA	Farm animals including goats	SRR17182655	https://trace.ncbi.nlm.nih.gov/Traces/study/?acc=SRP350029&o=acc_s%3Aa	Could not find the paper for this study. This is an immense study that includes a lot of farm animals
	gut microbiome of farm animals	16S rRNA	Farm animals including goats	SRR17182656	https://trace.ncbi.nlm.nih.gov/Traces/study/?acc=SRP350029&o=acc_s%3Aa	Could not find the paper for this study. This is an immense study that includes a lot of farm animals
	gut microbiome of farm animals	16S rRNA	Farm animals including goats	SRR17182657	https://trace.ncbi.nlm.nih.gov/Traces/study/?acc=SRP350029&o=acc_s%3Aa	Could not find the paper for this study. This is an immense study that includes a lot of farm animals
	gut microbiome of farm animals	16S rRNA	Farm animals including goats	SRR17182658	https://trace.ncbi.nlm.nih.gov/Traces/study/?acc=SRP350029&o=acc_s%3Aa	Could not find the paper for this study. This is an immense study that includes a lot of farm animals
	gut microbiome of farm animals	16S rRNA	Farm animals including goats	SRR17182659	https://trace.ncbi.nlm.nih.gov/Traces/study/?acc=SRP350029&o=acc_s%3Aa	Could not find the paper for this study. This is an immense study that includes a lot of farm animals
	gut microbiome of farm animals	16S rRNA	Farm animals including goats	SRR17182660	https://trace.ncbi.nlm.nih.gov/Traces/study/?acc=SRP350029&o=acc_s%3Aa	Could not find the paper for this study. This is an immense study that includes a lot of farm animals
	gut microbiome of farm animals	16S rRNA	Farm animals including goats	SRR17182661	https://trace.ncbi.nlm.nih.gov/Traces/study/?acc=SRP350029&o=acc_s%3Aa	Could not find the paper for this study. This is an immense study that includes a lot of farm animals
	gut microbiome of farm animals	16S rRNA	Farm animals including goats	SRR17182662	https://trace.ncbi.nlm.nih.gov/Traces/study/?acc=SRP350029&o=acc_s%3Aa	Could not find the paper for this study. This is an immense study that includes a lot of farm animals
	gut microbiome of farm animals	16S rRNA	Farm animals including goats	SRR17182663	https://trace.ncbi.nlm.nih.gov/Traces/study/?acc=SRP350029&o=acc_s%3Aa	Could not find the paper for this study. This is an immense study that includes a lot of farm animals
	gut microbiome of farm animals	16S rRNA	Farm animals including goats	SRR17182664	https://trace.ncbi.nlm.nih.gov/Traces/study/?acc=SRP350029&o=acc_s%3Aa	Could not find the paper for this study. This is an immense study that includes a lot of farm animals
	gut microbiome of farm animals	16S rRNA	Farm animals including goats	SRR17182665	https://trace.ncbi.nlm.nih.gov/Traces/study/?acc=SRP350029&o=acc_s%3Aa	Could not find the paper for this study. This is an immense study that includes a lot of farm animals
	gut microbiome of farm animals	16S rRNA	Farm animals including goats	SRR17182666	https://trace.ncbi.nlm.nih.gov/Traces/study/?acc=SRP350029&o=acc_s%3Aa	Could not find the paper for this study. This is an immense study that includes a lot of farm animals
	gut microbiome of farm animals	16S rRNA	Farm animals including goats	SRR17182667	https://trace.ncbi.nlm.nih.gov/Traces/study/?acc=SRP350029&o=acc_s%3Aa	Could not find the paper for this study. This is an immense study that includes a lot of farm animals
	gut microbiome of farm animals	16S rRNA	Farm animals including goats	SRR17182668	https://trace.ncbi.nlm.nih.gov/Traces/study/?acc=SRP350029&o=acc_s%3Aa	Could not find the paper for this study. This is an immense study that includes a lot of farm animals
	gut microbiome of farm animals	16S rRNA	Farm animals including goats	SRR17182669	https://trace.ncbi.nlm.nih.gov/Traces/study/?acc=SRP350029&o=acc_s%3Aa	Could not find the paper for this study. This is an immense study that includes a lot of farm animals
	gut microbiome of farm animals	16S rRNA	Farm animals including goats	SRR17182670	https://trace.ncbi.nlm.nih.gov/Traces/study/?acc=SRP350029&o=acc_s%3Aa	Could not find the paper for this study. This is an immense study that includes a lot of farm animals
	gut microbiome of farm animals	16S rRNA	Farm animals including goats	SRR17182671	https://trace.ncbi.nlm.nih.gov/Traces/study/?acc=SRP350029&o=acc_s%3Aa	Could not find the paper for this study. This is an immense study that includes a lot of farm animals
	gut microbiome of farm animals	16S rRNA	Farm animals including goats	SRR17182672	https://trace.ncbi.nlm.nih.gov/Traces/study/?acc=SRP350029&o=acc_s%3Aa	Could not find the paper for this study. This is an immense study that includes a lot of farm animals
	gut microbiome of farm animals	16S rRNA	Farm animals including goats	SRR17182673	https://trace.ncbi.nlm.nih.gov/Traces/study/?acc=SRP350029&o=acc_s%3Aa	Could not find the paper for this study. This is an immense study that includes a lot of farm animals
	gut microbiome of farm animals	16S rRNA	Farm animals including goats	SRR17182674	https://trace.ncbi.nlm.nih.gov/Traces/study/?acc=SRP350029&o=acc_s%3Aa	Could not find the paper for this study. This is an immense study that includes a lot of farm animals
	gut microbiome of farm animals	16S rRNA	Farm animals including goats	SRR17182675	https://trace.ncbi.nlm.nih.gov/Traces/study/?acc=SRP350029&o=acc_s%3Aa	Could not find the paper for this study. This is an immense study that includes a lot of farm animals
	gut microbiome of farm animals	16S rRNA	Farm animals including goats	SRR17182676	https://trace.ncbi.nlm.nih.gov/Traces/study/?acc=SRP350029&o=acc_s%3Aa	Could not find the paper for this study. This is an immense study that includes a lot of farm animals
	gut microbiome of farm animals	16S rRNA	Farm animals including goats	SRR17182677	https://trace.ncbi.nlm.nih.gov/Traces/study/?acc=SRP350029&o=acc_s%3Aa	Could not find the paper for this study. This is an immense study that includes a lot of farm animals
	gut microbiome of farm animals	16S rRNA	Farm animals including goats	SRR17182678	https://trace.ncbi.nlm.nih.gov/Traces/study/?acc=SRP350029&o=acc_s%3Aa	Could not find the paper for this study. This is an immense study that includes a lot of farm animals
	gut microbiome of farm animals	16S rRNA	Farm animals including goats	SRR17182679	https://trace.ncbi.nlm.nih.gov/Traces/study/?acc=SRP350029&o=acc_s%3Aa	Could not find the paper for this study. This is an immense study that includes a lot of farm animals
	gut microbiome of farm animals	16S rRNA	Farm animals including goats	SRR17182680	https://trace.ncbi.nlm.nih.gov/Traces/study/?acc=SRP350029&o=acc_s%3Aa	Could not find the paper for this study. This is an immense study that includes a lot of farm animals
	gut microbiome of farm animals	16S rRNA	Farm animals including goats	SRR17182681	https://trace.ncbi.nlm.nih.gov/Traces/study/?acc=SRP350029&o=acc_s%3Aa	Could not find the paper for this study. This is an immense study that includes a lot of farm animals
	gut microbiome of farm animals	16S rRNA	Farm animals including goats	SRR17182682	https://trace.ncbi.nlm.nih.gov/Traces/study/?acc=SRP350029&o=acc_s%3Aa	Could not find the paper for this study. This is an immense study that includes a lot of farm animals
	gut microbiome of farm animals	16S rRNA	Farm animals including goats	SRR17182683	https://trace.ncbi.nlm.nih.gov/Traces/study/?acc=SRP350029&o=acc_s%3Aa	Could not find the paper for this study. This is an immense study that includes a lot of farm animals
	gut microbiome of farm animals	16S rRNA	Farm animals including goats	SRR17182684	https://trace.ncbi.nlm.nih.gov/Traces/study/?acc=SRP350029&o=acc_s%3Aa	Could not find the paper for this study. This is an immense study that includes a lot of farm animals
	gut microbiome of farm animals	16S rRNA	Farm animals including goats	SRR17182685	https://trace.ncbi.nlm.nih.gov/Traces/study/?acc=SRP350029&o=acc_s%3Aa	Could not find the paper for this study. This is an immense study that includes a lot of farm animals
	gut microbiome of farm animals	16S rRNA	Farm animals including goats	SRR17182686	https://trace.ncbi.nlm.nih.gov/Traces/study/?acc=SRP350029&o=acc_s%3Aa	Could not find the paper for this study. This is an immense study that includes a lot of farm animals
	gut microbiome of farm animals	16S rRNA	Farm animals including goats	SRR17182687	https://trace.ncbi.nlm.nih.gov/Traces/study/?acc=SRP350029&o=acc_s%3Aa	Could not find the paper for this study. This is an immense study that includes a lot of farm animals
	gut microbiome of farm animals	16S rRNA	Farm animals including goats	SRR17182688	https://trace.ncbi.nlm.nih.gov/Traces/study/?acc=SRP350029&o=acc_s%3Aa	Could not find the paper for this study. This is an immense study that includes a lot of farm animals
	gut microbiome of farm animals	16S rRNA	Farm animals including goats	SRR17182689	https://trace.ncbi.nlm.nih.gov/Traces/study/?acc=SRP350029&o=acc_s%3Aa	Could not find the paper for this study. This is an immense study that includes a lot of farm animals
	gut microbiome of farm animals	16S rRNA	Farm animals including goats	SRR17182690	https://trace.ncbi.nlm.nih.gov/Traces/study/?acc=SRP350029&o=acc_s%3Aa	Could not find the paper for this study. This is an immense study that includes a lot of farm animals
	gut microbiome of farm animals	16S rRNA	Farm animals including goats	SRR17182691	https://trace.ncbi.nlm.nih.gov/Traces/study/?acc=SRP350029&o=acc_s%3Aa	Could not find the paper for this study. This is an immense study that includes a lot of farm animals
	gut microbiome of farm animals	16S rRNA	Farm animals including goats	SRR17182692	https://trace.ncbi.nlm.nih.gov/Traces/study/?acc=SRP350029&o=acc_s%3Aa	Could not find the paper for this study. This is an immense study that includes a lot of farm animals
	gut microbiome of farm animals	16S rRNA	Farm animals including goats	SRR17182693	https://trace.ncbi.nlm.nih.gov/Traces/study/?acc=SRP350029&o=acc_s%3Aa	Could not find the paper for this study. This is an immense study that includes a lot of farm animals
	gut microbiome of farm animals	16S rRNA	Farm animals including goats	SRR17182694	https://trace.ncbi.nlm.nih.gov/Traces/study/?acc=SRP350029&o=acc_s%3Aa	Could not find the paper for this study. This is an immense study that includes a lot of farm animals
	gut microbiome of farm animals	16S rRNA	Farm animals including goats	SRR17182695	https://trace.ncbi.nlm.nih.gov/Traces/study/?acc=SRP350029&o=acc_s%3Aa	Could not find the paper for this study. This is an immense study that includes a lot of farm animals
	gut microbiome of farm animals	16S rRNA	Farm animals including goats	SRR17182696	https://trace.ncbi.nlm.nih.gov/Traces/study/?acc=SRP350029&o=acc_s%3Aa	Could not find the paper for this study. This is an immense study that includes a lot of farm animals
	gut microbiome of farm animals	16S rRNA	Farm animals including goats	SRR17182697	https://trace.ncbi.nlm.nih.gov/Traces/study/?acc=SRP350029&o=acc_s%3Aa	Could not find the paper for this study. This is an immense study that includes a lot of farm animals
	gut microbiome of farm animals	16S rRNA	Farm animals including goats	SRR17182698	https://trace.ncbi.nlm.nih.gov/Traces/study/?acc=SRP350029&o=acc_s%3Aa	Could not find the paper for this study. This is an immense study that includes a lot of farm animals
	gut microbiome of farm animals	16S rRNA	Farm animals including goats	SRR17182699	https://trace.ncbi.nlm.nih.gov/Traces/study/?acc=SRP350029&o=acc_s%3Aa	Could not find the paper for this study. This is an immense study that includes a lot of farm animals
	gut microbiome of farm animals	16S rRNA	Farm animals including goats	SRR17182700	https://trace.ncbi.nlm.nih.gov/Traces/study/?acc=SRP350029&o=acc_s%3Aa	Could not find the paper for this study. This is an immense study that includes a lot of farm animals
	gut microbiome of farm animals	16S rRNA	Farm animals including goats	SRR17182701	https://trace.ncbi.nlm.nih.gov/Traces/study/?acc=SRP350029&o=acc_s%3Aa	Could not find the paper for this study. This is an immense study that includes a lot of farm animals
	gut microbiome of farm animals	16S rRNA	Farm animals including goats	SRR17182702	https://trace.ncbi.nlm.nih.gov/Traces/study/?acc=SRP350029&o=acc_s%3Aa	Could not find the paper for this study. This is an immense study that includes a lot of farm animals
	gut microbiome of farm animals	16S rRNA	Farm animals including goats	SRR17182703	https://trace.ncbi.nlm.nih.gov/Traces/study/?acc=SRP350029&o=acc_s%3Aa	Could not find the paper for this study. This is an immense study that includes a lot of farm animals
	gut microbiome of farm animals	16S rRNA	Farm animals including goats	SRR17182704	https://trace.ncbi.nlm.nih.gov/Traces/study/?acc=SRP350029&o=acc_s%3Aa	Could not find the paper for this study. This is an immense study that includes a lot of farm animals
	gut microbiome of farm animals	16S rRNA	Farm animals including goats	SRR17182705	https://trace.ncbi.nlm.nih.gov/Traces/study/?acc=SRP350029&o=acc_s%3Aa	Could not find the paper for this study. This is an immense study that includes a lot of farm animals
	gut microbiome of farm animals	16S rRNA	Farm animals including goats	SRR17182706	https://trace.ncbi.nlm.nih.gov/Traces/study/?acc=SRP350029&o=acc_s%3Aa	Could not find the paper for this study. This is an immense study that includes a lot of farm animals
	gut microbiome of farm animals	16S rRNA	Farm animals including goats	SRR17182707	https://trace.ncbi.nlm.nih.gov/Traces/study/?acc=SRP350029&o=acc_s%3Aa	Could not find the paper for this study. This is an immense study that includes a lot of farm animals
	gut microbiome of farm animals	16S rRNA	Farm animals including goats	SRR17182708	https://trace.ncbi.nlm.nih.gov/Traces/study/?acc=SRP350029&o=acc_s%3Aa	Could not find the paper for this study. This is an immense study that includes a lot of farm animals
	gut microbiome of farm animals	16S rRNA	Farm animals including goats	SRR17182709	https://trace.ncbi.nlm.nih.gov/Traces/study/?acc=SRP350029&o=acc_s%3Aa	Could not find the paper for this study. This is an immense study that includes a lot of farm animals
	gut microbiome of farm animals	16S rRNA	Farm animals including goats	SRR17182710	https://trace.ncbi.nlm.nih.gov/Traces/study/?acc=SRP350029&o=acc_s%3Aa	Could not find the paper for this study. This is an immense study that includes a lot of farm animals
	gut microbiome of farm animals	16S rRNA	Farm animals including goats	SRR17182711	https://trace.ncbi.nlm.nih.gov/Traces/study/?acc=SRP350029&o=acc_s%3Aa	Could not find the paper for this study. This is an immense study that includes a lot of farm animals
	gut microbiome of farm animals	16S rRNA	Farm animals including goats	SRR17182712	https://trace.ncbi.nlm.nih.gov/Traces/study/?acc=SRP350029&o=acc_s%3Aa	Could not find the paper for this study. This is an immense study that includes a lot of farm animals
	gut microbiome of farm animals	16S rRNA	Farm animals including goats	SRR17182713	https://trace.ncbi.nlm.nih.gov/Traces/study/?acc=SRP350029&o=acc_s%3Aa	Could not find the paper for this study. This is an immense study that includes a lot of farm animals
	gut microbiome of farm animals	16S rRNA	Farm animals including goats	SRR17182714	https://trace.ncbi.nlm.nih.gov/Traces/study/?acc=SRP350029&o=acc_s%3Aa	Could not find the paper for this study. This is an immense study that includes a lot of farm animals
	gut microbiome of farm animals	16S rRNA	Farm animals including goats	SRR17182715	https://trace.ncbi.nlm.nih.gov/Traces/study/?acc=SRP350029&o=acc_s%3Aa	Could not find the paper for this study. This is an immense study that includes a lot of farm animals
	gut microbiome of farm animals	16S rRNA	Farm animals including goats	SRR17182716	https://trace.ncbi.nlm.nih.gov/Traces/study/?acc=SRP350029&o=acc_s%3Aa	Could not find the paper for this study. This is an immense study that includes a lot of farm animals
	gut microbiome of farm animals	16S rRNA	Farm animals including goats	SRR17182717	https://trace.ncbi.nlm.nih.gov/Traces/study/?acc=SRP350029&o=acc_s%3Aa	Could not find the paper for this study. This is an immense study that includes a lot of farm animals
	gut microbiome of farm animals	16S rRNA	Farm animals including goats	SRR17182718	https://trace.ncbi.nlm.nih.gov/Traces/study/?acc=SRP350029&o=acc_s%3Aa	Could not find the paper for this study. This is an immense study that includes a lot of farm animals
	gut microbiome of farm animals	16S rRNA	Farm animals including goats	SRR17182719	https://trace.ncbi.nlm.nih.gov/Traces/study/?acc=SRP350029&o=acc_s%3Aa	Could not find the paper for this study. This is an immense study that includes a lot of farm animals
	gut microbiome of farm animals	16S rRNA	Farm animals including goats	SRR17182720	https://trace.ncbi.nlm.nih.gov/Traces/study/?acc=SRP350029&o=acc_s%3Aa	Could not find the paper for this study. This is an immense study that includes a lot of farm animals
	gut microbiome of farm animals	16S rRNA	Farm animals including goats	SRR17182721	https://trace.ncbi.nlm.nih.gov/Traces/study/?acc=SRP350029&o=acc_s%3Aa	Could not find the paper for this study. This is an immense study that includes a lot of farm animals
	gut microbiome of farm animals	16S rRNA	Farm animals including goats	SRR17182722	https://trace.ncbi.nlm.nih.gov/Traces/study/?acc=SRP350029&o=acc_s%3Aa	Could not find the paper for this study. This is an immense study that includes a lot of farm animals
	gut microbiome of farm animals	16S rRNA	Farm animals including goats	SRR17182723	https://trace.ncbi.nlm.nih.gov/Traces/study/?acc=SRP350029&o=acc_s%3Aa	Could not find the paper for this study. This is an immense study that includes a lot of farm animals
	gut microbiome of farm animals	16S rRNA	Farm animals including goats	SRR20217688	https://trace.ncbi.nlm.nih.gov/Traces/study/?acc=SRP350029&o=acc_s%3Aa	Could not find the paper for this study. This is an immense study that includes a lot of farm animals
	gut microbiome of farm animals	16S rRNA	Farm animals including goats	SRR20217689	https://trace.ncbi.nlm.nih.gov/Traces/study/?acc=SRP350029&o=acc_s%3Aa	Could not find the paper for this study. This is an immense study that includes a lot of farm animals
	gut microbiome of farm animals	16S rRNA	Farm animals including goats	SRR20217690	https://trace.ncbi.nlm.nih.gov/Traces/study/?acc=SRP350029&o=acc_s%3Aa	Could not find the paper for this study. This is an immense study that includes a lot of farm animals
	gut microbiome of farm animals	16S rRNA	Farm animals including goats	SRR20217691	https://trace.ncbi.nlm.nih.gov/Traces/study/?acc=SRP350029&o=acc_s%3Aa	Could not find the paper for this study. This is an immense study that includes a lot of farm animals
	gut microbiome of farm animals	16S rRNA	Farm animals including goats	SRR20217692	https://trace.ncbi.nlm.nih.gov/Traces/study/?acc=SRP350029&o=acc_s%3Aa	Could not find the paper for this study. This is an immense study that includes a lot of farm animals
	gut microbiome of farm animals	16S rRNA	Farm animals including goats	SRR20217693	https://trace.ncbi.nlm.nih.gov/Traces/study/?acc=SRP350029&o=acc_s%3Aa	Could not find the paper for this study. This is an immense study that includes a lot of farm animals
	gut microbiome of farm animals	16S rRNA	Farm animals including goats	SRR20217694	https://trace.ncbi.nlm.nih.gov/Traces/study/?acc=SRP350029&o=acc_s%3Aa	Could not find the paper for this study. This is an immense study that includes a lot of farm animals
	gut microbiome of farm animals	16S rRNA	Farm animals including goats	SRR20217695	https://trace.ncbi.nlm.nih.gov/Traces/study/?acc=SRP350029&o=acc_s%3Aa	Could not find the paper for this study. This is an immense study that includes a lot of farm animals
	gut microbiome of farm animals	16S rRNA	Farm animals including goats	SRR20217696	https://trace.ncbi.nlm.nih.gov/Traces/study/?acc=SRP350029&o=acc_s%3Aa	Could not find the paper for this study. This is an immense study that includes a lot of farm animals
	gut microbiome of farm animals	16S rRNA	Farm animals including goats	SRR20217697	https://trace.ncbi.nlm.nih.gov/Traces/study/?acc=SRP350029&o=acc_s%3Aa	Could not find the paper for this study. This is an immense study that includes a lot of farm animals
	gut microbiome of farm animals	16S rRNA	Farm animals including goats	SRR20217698	https://trace.ncbi.nlm.nih.gov/Traces/study/?acc=SRP350029&o=acc_s%3Aa	Could not find the paper for this study. This is an immense study that includes a lot of farm animals
	gut microbiome of farm animals	16S rRNA	Farm animals including goats	SRR20217699	https://trace.ncbi.nlm.nih.gov/Traces/study/?acc=SRP350029&o=acc_s%3Aa	Could not find the paper for this study. This is an immense study that includes a lot of farm animals
	gut microbiome of farm animals	16S rRNA	Farm animals including goats	SRR20217700	https://trace.ncbi.nlm.nih.gov/Traces/study/?acc=SRP350029&o=acc_s%3Aa	Could not find the paper for this study. This is an immense study that includes a lot of farm animals
	gut microbiome of farm animals	16S rRNA	Farm animals including goats	SRR20217701	https://trace.ncbi.nlm.nih.gov/Traces/study/?acc=SRP350029&o=acc_s%3Aa	Could not find the paper for this study. This is an immense study that includes a lot of farm animals
	gut microbiome of farm animals	16S rRNA	Farm animals including goats	SRR20217702	https://trace.ncbi.nlm.nih.gov/Traces/study/?acc=SRP350029&o=acc_s%3Aa	Could not find the paper for this study. This is an immense study that includes a lot of farm animals
	gut microbiome of farm animals	16S rRNA	Farm animals including goats	SRR20217703	https://trace.ncbi.nlm.nih.gov/Traces/study/?acc=SRP350029&o=acc_s%3Aa	Could not find the paper for this study. This is an immense study that includes a lot of farm animals
	gut microbiome of farm animals	16S rRNA	Farm animals including goats	SRR20217704	https://trace.ncbi.nlm.nih.gov/Traces/study/?acc=SRP350029&o=acc_s%3Aa	Could not find the paper for this study. This is an immense study that includes a lot of farm animals
	gut microbiome of farm animals	16S rRNA	Farm animals including goats	SRR20217705	https://trace.ncbi.nlm.nih.gov/Traces/study/?acc=SRP350029&o=acc_s%3Aa	Could not find the paper for this study. This is an immense study that includes a lot of farm animals
	gut microbiome of farm animals	16S rRNA	Farm animals including goats	SRR20217706	https://trace.ncbi.nlm.nih.gov/Traces/study/?acc=SRP350029&o=acc_s%3Aa	Could not find the paper for this study. This is an immense study that includes a lot of farm animals
	gut microbiome of farm animals	16S rRNA	Farm animals including goats	SRR20217707	https://trace.ncbi.nlm.nih.gov/Traces/study/?acc=SRP350029&o=acc_s%3Aa	Could not find the paper for this study. This is an immense study that includes a lot of farm animals
	gut microbiome of farm animals	16S rRNA	Farm animals including goats	SRR20217708	https://trace.ncbi.nlm.nih.gov/Traces/study/?acc=SRP350029&o=acc_s%3Aa	Could not find the paper for this study. This is an immense study that includes a lot of farm animals
	gut microbiome of farm animals	16S rRNA	Farm animals including goats	SRR20217709	https://trace.ncbi.nlm.nih.gov/Traces/study/?acc=SRP350029&o=acc_s%3Aa	Could not find the paper for this study. This is an immense study that includes a lot of farm animals
	gut microbiome of farm animals	16S rRNA	Farm animals including goats	SRR20217710	https://trace.ncbi.nlm.nih.gov/Traces/study/?acc=SRP350029&o=acc_s%3Aa	Could not find the paper for this study. This is an immense study that includes a lot of farm animals
	gut microbiome of farm animals	16S rRNA	Farm animals including goats	SRR20217711	https://trace.ncbi.nlm.nih.gov/Traces/study/?acc=SRP350029&o=acc_s%3Aa	Could not find the paper for this study. This is an immense study that includes a lot of farm animals
	gut microbiome of farm animals	16S rRNA	Farm animals including goats	SRR20217712	https://trace.ncbi.nlm.nih.gov/Traces/study/?acc=SRP350029&o=acc_s%3Aa	Could not find the paper for this study. This is an immense study that includes a lot of farm animals
	gut microbiome of farm animals	16S rRNA	Farm animals including goats	SRR20217713	https://trace.ncbi.nlm.nih.gov/Traces/study/?acc=SRP350029&o=acc_s%3Aa	Could not find the paper for this study. This is an immense study that includes a lot of farm animals
	gut microbiome of farm animals	16S rRNA	Farm animals including goats	SRR20217714	https://trace.ncbi.nlm.nih.gov/Traces/study/?acc=SRP350029&o=acc_s%3Aa	Could not find the paper for this study. This is an immense study that includes a lot of farm animals
	gut microbiome of farm animals	16S rRNA	Farm animals including goats	SRR20217715	https://trace.ncbi.nlm.nih.gov/Traces/study/?acc=SRP350029&o=acc_s%3Aa	Could not find the paper for this study. This is an immense study that includes a lot of farm animals
	gut microbiome of farm animals	16S rRNA	Farm animals including goats	SRR20217716	https://trace.ncbi.nlm.nih.gov/Traces/study/?acc=SRP350029&o=acc_s%3Aa	Could not find the paper for this study. This is an immense study that includes a lot of farm animals
	gut microbiome of farm animals	16S rRNA	Farm animals including goats	SRR20217717	https://trace.ncbi.nlm.nih.gov/Traces/study/?acc=SRP350029&o=acc_s%3Aa	Could not find the paper for this study. This is an immense study that includes a lot of farm animals
	gut microbiome of farm animals	16S rRNA	Farm animals including goats	SRR20217718	https://trace.ncbi.nlm.nih.gov/Traces/study/?acc=SRP350029&o=acc_s%3Aa	Could not find the paper for this study. This is an immense study that includes a lot of farm animals
	gut microbiome of farm animals	16S rRNA	Farm animals including goats	SRR20217719	https://trace.ncbi.nlm.nih.gov/Traces/study/?acc=SRP350029&o=acc_s%3Aa	Could not find the paper for this study. This is an immense study that includes a lot of farm animals
	gut microbiome of farm animals	16S rRNA	Farm animals including goats	SRR20217720	https://trace.ncbi.nlm.nih.gov/Traces/study/?acc=SRP350029&o=acc_s%3Aa	Could not find the paper for this study. This is an immense study that includes a lot of farm animals
	gut microbiome of farm animals	16S rRNA	Farm animals including goats	SRR20217721	https://trace.ncbi.nlm.nih.gov/Traces/study/?acc=SRP350029&o=acc_s%3Aa	Could not find the paper for this study. This is an immense study that includes a lot of farm animals
	gut microbiome of farm animals	16S rRNA	Farm animals including goats	SRR20217722	https://trace.ncbi.nlm.nih.gov/Traces/study/?acc=SRP350029&o=acc_s%3Aa	Could not find the paper for this study. This is an immense study that includes a lot of farm animals
	gut microbiome of farm animals	16S rRNA	Farm animals including goats	SRR20217723	https://trace.ncbi.nlm.nih.gov/Traces/study/?acc=SRP350029&o=acc_s%3Aa	Could not find the paper for this study. This is an immense study that includes a lot of farm animals
	gut microbiome of farm animals	16S rRNA	Farm animals including goats	SRR20217724	https://trace.ncbi.nlm.nih.gov/Traces/study/?acc=SRP350029&o=acc_s%3Aa	Could not find the paper for this study. This is an immense study that includes a lot of farm animals
	gut microbiome of farm animals	16S rRNA	Farm animals including goats	SRR20217725	https://trace.ncbi.nlm.nih.gov/Traces/study/?acc=SRP350029&o=acc_s%3Aa	Could not find the paper for this study. This is an immense study that includes a lot of farm animals
	gut microbiome of farm animals	16S rRNA	Farm animals including goats	SRR20217726	https://trace.ncbi.nlm.nih.gov/Traces/study/?acc=SRP350029&o=acc_s%3Aa	Could not find the paper for this study. This is an immense study that includes a lot of farm animals
	gut microbiome of farm animals	16S rRNA	Farm animals including goats	SRR20217727	https://trace.ncbi.nlm.nih.gov/Traces/study/?acc=SRP350029&o=acc_s%3Aa	Could not find the paper for this study. This is an immense study that includes a lot of farm animals
	gut microbiome of farm animals	16S rRNA	Farm animals including goats	SRR20217728	https://trace.ncbi.nlm.nih.gov/Traces/study/?acc=SRP350029&o=acc_s%3Aa	Could not find the paper for this study. This is an immense study that includes a lot of farm animals
	gut microbiome of farm animals	16S rRNA	Farm animals including goats	SRR20217729	https://trace.ncbi.nlm.nih.gov/Traces/study/?acc=SRP350029&o=acc_s%3Aa	Could not find the paper for this study. This is an immense study that includes a lot of farm animals
	gut microbiome of farm animals	16S rRNA	Farm animals including goats	SRR20217730	https://trace.ncbi.nlm.nih.gov/Traces/study/?acc=SRP350029&o=acc_s%3Aa	Could not find the paper for this study. This is an immense study that includes a lot of farm animals
	gut microbiome of farm animals	16S rRNA	Farm animals including goats	SRR20217731	https://trace.ncbi.nlm.nih.gov/Traces/study/?acc=SRP350029&o=acc_s%3Aa	Could not find the paper for this study. This is an immense study that includes a lot of farm animals
	gut microbiome of farm animals	16S rRNA	Farm animals including goats	SRR20217732	https://trace.ncbi.nlm.nih.gov/Traces/study/?acc=SRP350029&o=acc_s%3Aa	Could not find the paper for this study. This is an immense study that includes a lot of farm animals
	gut microbiome of farm animals	16S rRNA	Farm animals including goats	SRR20217733	https://trace.ncbi.nlm.nih.gov/Traces/study/?acc=SRP350029&o=acc_s%3Aa	Could not find the paper for this study. This is an immense study that includes a lot of farm animals
	gut microbiome of farm animals	16S rRNA	Farm animals including goats	SRR20217734	https://trace.ncbi.nlm.nih.gov/Traces/study/?acc=SRP350029&o=acc_s%3Aa	Could not find the paper for this study. This is an immense study that includes a lot of farm animals
	gut microbiome of farm animals	16S rRNA	Farm animals including goats	SRR20217735	https://trace.ncbi.nlm.nih.gov/Traces/study/?acc=SRP350029&o=acc_s%3Aa	Could not find the paper for this study. This is an immense study that includes a lot of farm animals
	gut microbiome of farm animals	16S rRNA	Farm animals including goats	SRR20217736	https://trace.ncbi.nlm.nih.gov/Traces/study/?acc=SRP350029&o=acc_s%3Aa	Could not find the paper for this study. This is an immense study that includes a lot of farm animals
	gut microbiome of farm animals	16S rRNA	Farm animals including goats	SRR20217737	https://trace.ncbi.nlm.nih.gov/Traces/study/?acc=SRP350029&o=acc_s%3Aa	Could not find the paper for this study. This is an immense study that includes a lot of farm animals
	gut microbiome of farm animals	16S rRNA	Farm animals including goats	SRR20217738	https://trace.ncbi.nlm.nih.gov/Traces/study/?acc=SRP350029&o=acc_s%3Aa	Could not find the paper for this study. This is an immense study that includes a lot of farm animals
	gut microbiome of farm animals	16S rRNA	Farm animals including goats	SRR20217739	https://trace.ncbi.nlm.nih.gov/Traces/study/?acc=SRP350029&o=acc_s%3Aa	Could not find the paper for this study. This is an immense study that includes a lot of farm animals
	gut microbiome of farm animals	16S rRNA	Farm animals including goats	SRR20217740	https://trace.ncbi.nlm.nih.gov/Traces/study/?acc=SRP350029&o=acc_s%3Aa	Could not find the paper for this study. This is an immense study that includes a lot of farm animals
	gut microbiome of farm animals	16S rRNA	Farm animals including goats	SRR20217741	https://trace.ncbi.nlm.nih.gov/Traces/study/?acc=SRP350029&o=acc_s%3Aa	Could not find the paper for this study. This is an immense study that includes a lot of farm animals
	gut microbiome of farm animals	16S rRNA	Farm animals including goats	SRR20217742	https://trace.ncbi.nlm.nih.gov/Traces/study/?acc=SRP350029&o=acc_s%3Aa	Could not find the paper for this study. This is an immense study that includes a lot of farm animals
	gut microbiome of farm animals	16S rRNA	Farm animals including goats	SRR20217743	https://trace.ncbi.nlm.nih.gov/Traces/study/?acc=SRP350029&o=acc_s%3Aa	Could not find the paper for this study. This is an immense study that includes a lot of farm animals
	gut microbiome of farm animals	16S rRNA	Farm animals including goats	SRR20217744	https://trace.ncbi.nlm.nih.gov/Traces/study/?acc=SRP350029&o=acc_s%3Aa	Could not find the paper for this study. This is an immense study that includes a lot of farm animals
	gut microbiome of farm animals	16S rRNA	Farm animals including goats	SRR20217745	https://trace.ncbi.nlm.nih.gov/Traces/study/?acc=SRP350029&o=acc_s%3Aa	Could not find the paper for this study. This is an immense study that includes a lot of farm animals
	gut microbiome of farm animals	16S rRNA	Farm animals including goats	SRR20217746	https://trace.ncbi.nlm.nih.gov/Traces/study/?acc=SRP350029&o=acc_s%3Aa	Could not find the paper for this study. This is an immense study that includes a lot of farm animals
	gut microbiome of farm animals	16S rRNA	Farm animals including goats	SRR20217747	https://trace.ncbi.nlm.nih.gov/Traces/study/?acc=SRP350029&o=acc_s%3Aa	Could not find the paper for this study. This is an immense study that includes a lot of farm animals
	gut microbiome of farm animals	16S rRNA	Farm animals including goats	SRR20217748	https://trace.ncbi.nlm.nih.gov/Traces/study/?acc=SRP350029&o=acc_s%3Aa	Could not find the paper for this study. This is an immense study that includes a lot of farm animals
	gut microbiome of farm animals	16S rRNA	Farm animals including goats	SRR20217749	https://trace.ncbi.nlm.nih.gov/Traces/study/?acc=SRP350029&o=acc_s%3Aa	Could not find the paper for this study. This is an immense study that includes a lot of farm animals
	gut microbiome of farm animals	16S rRNA	Farm animals including goats	SRR20217750	https://trace.ncbi.nlm.nih.gov/Traces/study/?acc=SRP350029&o=acc_s%3Aa	Could not find the paper for this study. This is an immense study that includes a lot of farm animals
	gut microbiome of farm animals	16S rRNA	Farm animals including goats	SRR20217751	https://trace.ncbi.nlm.nih.gov/Traces/study/?acc=SRP350029&o=acc_s%3Aa	Could not find the paper for this study. This is an immense study that includes a lot of farm animals
	gut microbiome of farm animals	16S rRNA	Farm animals including goats	SRR20217752	https://trace.ncbi.nlm.nih.gov/Traces/study/?acc=SRP350029&o=acc_s%3Aa	Could not find the paper for this study. This is an immense study that includes a lot of farm animals
	gut microbiome of farm animals	16S rRNA	Farm animals including goats	SRR20217753	https://trace.ncbi.nlm.nih.gov/Traces/study/?acc=SRP350029&o=acc_s%3Aa	Could not find the paper for this study. This is an immense study that includes a lot of farm animals
	gut microbiome of farm animals	16S rRNA	Farm animals including goats	SRR20217754	https://trace.ncbi.nlm.nih.gov/Traces/study/?acc=SRP350029&o=acc_s%3Aa	Could not find the paper for this study. This is an immense study that includes a lot of farm animals
	gut microbiome of farm animals	16S rRNA	Farm animals including goats	SRR20217755	https://trace.ncbi.nlm.nih.gov/Traces/study/?acc=SRP350029&o=acc_s%3Aa	Could not find the paper for this study. This is an immense study that includes a lot of farm animals
	gut microbiome of farm animals	16S rRNA	Farm animals including goats	SRR20217756	https://trace.ncbi.nlm.nih.gov/Traces/study/?acc=SRP350029&o=acc_s%3Aa	Could not find the paper for this study. This is an immense study that includes a lot of farm animals
	gut microbiome of farm animals	16S rRNA	Farm animals including goats	SRR20217757	https://trace.ncbi.nlm.nih.gov/Traces/study/?acc=SRP350029&o=acc_s%3Aa	Could not find the paper for this study. This is an immense study that includes a lot of farm animals
	gut microbiome of farm animals	16S rRNA	Farm animals including goats	SRR20217758	https://trace.ncbi.nlm.nih.gov/Traces/study/?acc=SRP350029&o=acc_s%3Aa	Could not find the paper for this study. This is an immense study that includes a lot of farm animals
	gut microbiome of farm animals	16S rRNA	Farm animals including goats	SRR20217759	https://trace.ncbi.nlm.nih.gov/Traces/study/?acc=SRP350029&o=acc_s%3Aa	Could not find the paper for this study. This is an immense study that includes a lot of farm animals
	gut microbiome of farm animals	16S rRNA	Farm animals including goats	SRR20217760	https://trace.ncbi.nlm.nih.gov/Traces/study/?acc=SRP350029&o=acc_s%3Aa	Could not find the paper for this study. This is an immense study that includes a lot of farm animals
	gut microbiome of farm animals	16S rRNA	Farm animals including goats	SRR20217761	https://trace.ncbi.nlm.nih.gov/Traces/study/?acc=SRP350029&o=acc_s%3Aa	Could not find the paper for this study. This is an immense study that includes a lot of farm animals
	gut microbiome of farm animals	16S rRNA	Farm animals including goats	SRR20217762	https://trace.ncbi.nlm.nih.gov/Traces/study/?acc=SRP350029&o=acc_s%3Aa	Could not find the paper for this study. This is an immense study that includes a lot of farm animals
	gut microbiome of farm animals	16S rRNA	Farm animals including goats	SRR20217763	https://trace.ncbi.nlm.nih.gov/Traces/study/?acc=SRP350029&o=acc_s%3Aa	Could not find the paper for this study. This is an immense study that includes a lot of farm animals
	gut microbiome of farm animals	16S rRNA	Farm animals including goats	SRR20217764	https://trace.ncbi.nlm.nih.gov/Traces/study/?acc=SRP350029&o=acc_s%3Aa	Could not find the paper for this study. This is an immense study that includes a lot of farm animals
	gut microbiome of farm animals	16S rRNA	Farm animals including goats	SRR20217765	https://trace.ncbi.nlm.nih.gov/Traces/study/?acc=SRP350029&o=acc_s%3Aa	Could not find the paper for this study. This is an immense study that includes a lot of farm animals
	gut microbiome of farm animals	16S rRNA	Farm animals including goats	SRR20217766	https://trace.ncbi.nlm.nih.gov/Traces/study/?acc=SRP350029&o=acc_s%3Aa	Could not find the paper for this study. This is an immense study that includes a lot of farm animals
	gut microbiome of farm animals	16S rRNA	Farm animals including goats	SRR20217767	https://trace.ncbi.nlm.nih.gov/Traces/study/?acc=SRP350029&o=acc_s%3Aa	Could not find the paper for this study. This is an immense study that includes a lot of farm animals
	gut microbiome of farm animals	16S rRNA	Farm animals including goats	SRR20217768	https://trace.ncbi.nlm.nih.gov/Traces/study/?acc=SRP350029&o=acc_s%3Aa	Could not find the paper for this study. This is an immense study that includes a lot of farm animals
	gut microbiome of farm animals	16S rRNA	Farm animals including goats	SRR20217769	https://trace.ncbi.nlm.nih.gov/Traces/study/?acc=SRP350029&o=acc_s%3Aa	Could not find the paper for this study. This is an immense study that includes a lot of farm animals
	gut microbiome of farm animals	16S rRNA	Farm animals including goats	SRR20217770	https://trace.ncbi.nlm.nih.gov/Traces/study/?acc=SRP350029&o=acc_s%3Aa	Could not find the paper for this study. This is an immense study that includes a lot of farm animals
	gut microbiome of farm animals	16S rRNA	Farm animals including goats	SRR20217771	https://trace.ncbi.nlm.nih.gov/Traces/study/?acc=SRP350029&o=acc_s%3Aa	Could not find the paper for this study. This is an immense study that includes a lot of farm animals
	gut microbiome of farm animals	16S rRNA	Farm animals including goats	SRR20217772	https://trace.ncbi.nlm.nih.gov/Traces/study/?acc=SRP350029&o=acc_s%3Aa	Could not find the paper for this study. This is an immense study that includes a lot of farm animals
	gut microbiome of farm animals	16S rRNA	Farm animals including goats	SRR20217773	https://trace.ncbi.nlm.nih.gov/Traces/study/?acc=SRP350029&o=acc_s%3Aa	Could not find the paper for this study. This is an immense study that includes a lot of farm animals
	gut microbiome of farm animals	16S rRNA	Farm animals including goats	SRR20217774	https://trace.ncbi.nlm.nih.gov/Traces/study/?acc=SRP350029&o=acc_s%3Aa	Could not find the paper for this study. This is an immense study that includes a lot of farm animals
	gut microbiome of farm animals	16S rRNA	Farm animals including goats	SRR20217775	https://trace.ncbi.nlm.nih.gov/Traces/study/?acc=SRP350029&o=acc_s%3Aa	Could not find the paper for this study. This is an immense study that includes a lot of farm animals
	gut microbiome of farm animals	16S rRNA	Farm animals including goats	SRR20217776	https://trace.ncbi.nlm.nih.gov/Traces/study/?acc=SRP350029&o=acc_s%3Aa	Could not find the paper for this study. This is an immense study that includes a lot of farm animals
	gut microbiome of farm animals	16S rRNA	Farm animals including goats	SRR20217777	https://trace.ncbi.nlm.nih.gov/Traces/study/?acc=SRP350029&o=acc_s%3Aa	Could not find the paper for this study. This is an immense study that includes a lot of farm animals
	gut microbiome of farm animals	16S rRNA	Farm animals including goats	SRR20217778	https://trace.ncbi.nlm.nih.gov/Traces/study/?acc=SRP350029&o=acc_s%3Aa	Could not find the paper for this study. This is an immense study that includes a lot of farm animals
	gut microbiome of farm animals	16S rRNA	Farm animals including goats	SRR20217779	https://trace.ncbi.nlm.nih.gov/Traces/study/?acc=SRP350029&o=acc_s%3Aa	Could not find the paper for this study. This is an immense study that includes a lot of farm animals
	gut microbiome of farm animals	16S rRNA	Farm animals including goats	SRR20217780	https://trace.ncbi.nlm.nih.gov/Traces/study/?acc=SRP350029&o=acc_s%3Aa	Could not find the paper for this study. This is an immense study that includes a lot of farm animals
	gut microbiome of farm animals	16S rRNA	Farm animals including goats	SRR20217781	https://trace.ncbi.nlm.nih.gov/Traces/study/?acc=SRP350029&o=acc_s%3Aa	Could not find the paper for this study. This is an immense study that includes a lot of farm animals
	gut microbiome of farm animals	16S rRNA	Farm animals including goats	SRR20217782	https://trace.ncbi.nlm.nih.gov/Traces/study/?acc=SRP350029&o=acc_s%3Aa	Could not find the paper for this study. This is an immense study that includes a lot of farm animals
	gut microbiome of farm animals	16S rRNA	Farm animals including goats	SRR20217783	https://trace.ncbi.nlm.nih.gov/Traces/study/?acc=SRP350029&o=acc_s%3Aa	Could not find the paper for this study. This is an immense study that includes a lot of farm animals
	gut microbiome of farm animals	16S rRNA	Farm animals including goats	SRR20217784	https://trace.ncbi.nlm.nih.gov/Traces/study/?acc=SRP350029&o=acc_s%3Aa	Could not find the paper for this study. This is an immense study that includes a lot of farm animals
	gut microbiome of farm animals	16S rRNA	Farm animals including goats	SRR20217785	https://trace.ncbi.nlm.nih.gov/Traces/study/?acc=SRP350029&o=acc_s%3Aa	Could not find the paper for this study. This is an immense study that includes a lot of farm animals
	gut microbiome of farm animals	16S rRNA	Farm animals including goats	SRR20217786	https://trace.ncbi.nlm.nih.gov/Traces/study/?acc=SRP350029&o=acc_s%3Aa	Could not find the paper for this study. This is an immense study that includes a lot of farm animals
	gut microbiome of farm animals	16S rRNA	Farm animals including goats	SRR20217787	https://trace.ncbi.nlm.nih.gov/Traces/study/?acc=SRP350029&o=acc_s%3Aa	Could not find the paper for this study. This is an immense study that includes a lot of farm animals
	gut microbiome of farm animals	16S rRNA	Farm animals including goats	SRR20217788	https://trace.ncbi.nlm.nih.gov/Traces/study/?acc=SRP350029&o=acc_s%3Aa	Could not find the paper for this study. This is an immense study that includes a lot of farm animals
	gut microbiome of farm animals	16S rRNA	Farm animals including goats	SRR20217789	https://trace.ncbi.nlm.nih.gov/Traces/study/?acc=SRP350029&o=acc_s%3Aa	Could not find the paper for this study. This is an immense study that includes a lot of farm animals
	gut microbiome of farm animals	16S rRNA	Farm animals including goats	SRR20217790	https://trace.ncbi.nlm.nih.gov/Traces/study/?acc=SRP350029&o=acc_s%3Aa	Could not find the paper for this study. This is an immense study that includes a lot of farm animals
	gut microbiome of farm animals	16S rRNA	Farm animals including goats	SRR20217791	https://trace.ncbi.nlm.nih.gov/Traces/study/?acc=SRP350029&o=acc_s%3Aa	Could not find the paper for this study. This is an immense study that includes a lot of farm animals
	gut microbiome of farm animals	16S rRNA	Farm animals including goats	SRR20217792	https://trace.ncbi.nlm.nih.gov/Traces/study/?acc=SRP350029&o=acc_s%3Aa	Could not find the paper for this study. This is an immense study that includes a lot of farm animals
	gut microbiome of farm animals	16S rRNA	Farm animals including goats	SRR20217793	https://trace.ncbi.nlm.nih.gov/Traces/study/?acc=SRP350029&o=acc_s%3Aa	Could not find the paper for this study. This is an immense study that includes a lot of farm animals
	gut microbiome of farm animals	16S rRNA	Farm animals including goats	SRR20217794	https://trace.ncbi.nlm.nih.gov/Traces/study/?acc=SRP350029&o=acc_s%3Aa	Could not find the paper for this study. This is an immense study that includes a lot of farm animals
	gut microbiome of farm animals	16S rRNA	Farm animals including goats	SRR20217795	https://trace.ncbi.nlm.nih.gov/Traces/study/?acc=SRP350029&o=acc_s%3Aa	Could not find the paper for this study. This is an immense study that includes a lot of farm animals
	gut microbiome of farm animals	16S rRNA	Farm animals including goats	SRR20217796	https://trace.ncbi.nlm.nih.gov/Traces/study/?acc=SRP350029&o=acc_s%3Aa	Could not find the paper for this study. This is an immense study that includes a lot of farm animals
	gut microbiome of farm animals	16S rRNA	Farm animals including goats	SRR20217797	https://trace.ncbi.nlm.nih.gov/Traces/study/?acc=SRP350029&o=acc_s%3Aa	Could not find the paper for this study. This is an immense study that includes a lot of farm animals
	gut microbiome of farm animals	16S rRNA	Farm animals including goats	SRR20217798	https://trace.ncbi.nlm.nih.gov/Traces/study/?acc=SRP350029&o=acc_s%3Aa	Could not find the paper for this study. This is an immense study that includes a lot of farm animals
	gut microbiome of farm animals	16S rRNA	Farm animals including goats	SRR20217799	https://trace.ncbi.nlm.nih.gov/Traces/study/?acc=SRP350029&o=acc_s%3Aa	Could not find the paper for this study. This is an immense study that includes a lot of farm animals
	gut microbiome of farm animals	16S rRNA	Farm animals including goats	SRR20217800	https://trace.ncbi.nlm.nih.gov/Traces/study/?acc=SRP350029&o=acc_s%3Aa	Could not find the paper for this study. This is an immense study that includes a lot of farm animals
	gut microbiome of farm animals	16S rRNA	Farm animals including goats	SRR20217801	https://trace.ncbi.nlm.nih.gov/Traces/study/?acc=SRP350029&o=acc_s%3Aa	Could not find the paper for this study. This is an immense study that includes a lot of farm animals
	gut microbiome of farm animals	16S rRNA	Farm animals including goats	SRR20217802	https://trace.ncbi.nlm.nih.gov/Traces/study/?acc=SRP350029&o=acc_s%3Aa	Could not find the paper for this study. This is an immense study that includes a lot of farm animals
	gut microbiome of farm animals	16S rRNA	Farm animals including goats	SRR20217803	https://trace.ncbi.nlm.nih.gov/Traces/study/?acc=SRP350029&o=acc_s%3Aa	Could not find the paper for this study. This is an immense study that includes a lot of farm animals
	gut microbiome of farm animals	16S rRNA	Farm animals including goats	SRR20217804	https://trace.ncbi.nlm.nih.gov/Traces/study/?acc=SRP350029&o=acc_s%3Aa	Could not find the paper for this study. This is an immense study that includes a lot of farm animals
	gut microbiome of farm animals	16S rRNA	Farm animals including goats	SRR20217805	https://trace.ncbi.nlm.nih.gov/Traces/study/?acc=SRP350029&o=acc_s%3Aa	Could not find the paper for this study. This is an immense study that includes a lot of farm animals
	gut microbiome of farm animals	16S rRNA	Farm animals including goats	SRR20217806	https://trace.ncbi.nlm.nih.gov/Traces/study/?acc=SRP350029&o=acc_s%3Aa	Could not find the paper for this study. This is an immense study that includes a lot of farm animals
	gut microbiome of farm animals	16S rRNA	Farm animals including goats	SRR20217807	https://trace.ncbi.nlm.nih.gov/Traces/study/?acc=SRP350029&o=acc_s%3Aa	Could not find the paper for this study. This is an immense study that includes a lot of farm animals
	gut microbiome of farm animals	16S rRNA	Farm animals including goats	SRR20217808	https://trace.ncbi.nlm.nih.gov/Traces/study/?acc=SRP350029&o=acc_s%3Aa	Could not find the paper for this study. This is an immense study that includes a lot of farm animals
	gut microbiome of farm animals	16S rRNA	Farm animals including goats	SRR20217809	https://trace.ncbi.nlm.nih.gov/Traces/study/?acc=SRP350029&o=acc_s%3Aa	Could not find the paper for this study. This is an immense study that includes a lot of farm animals
	gut microbiome of farm animals	16S rRNA	Farm animals including goats	SRR20217810	https://trace.ncbi.nlm.nih.gov/Traces/study/?acc=SRP350029&o=acc_s%3Aa	Could not find the paper for this study. This is an immense study that includes a lot of farm animals
	gut microbiome of farm animals	16S rRNA	Farm animals including goats	SRR20217811	https://trace.ncbi.nlm.nih.gov/Traces/study/?acc=SRP350029&o=acc_s%3Aa	Could not find the paper for this study. This is an immense study that includes a lot of farm animals
	gut microbiome of farm animals	16S rRNA	Farm animals including goats	SRR20217812	https://trace.ncbi.nlm.nih.gov/Traces/study/?acc=SRP350029&o=acc_s%3Aa	Could not find the paper for this study. This is an immense study that includes a lot of farm animals
	gut microbiome of farm animals	16S rRNA	Farm animals including goats	SRR20217813	https://trace.ncbi.nlm.nih.gov/Traces/study/?acc=SRP350029&o=acc_s%3Aa	Could not find the paper for this study. This is an immense study that includes a lot of farm animals
	gut microbiome of farm animals	16S rRNA	Farm animals including goats	SRR20217814	https://trace.ncbi.nlm.nih.gov/Traces/study/?acc=SRP350029&o=acc_s%3Aa	Could not find the paper for this study. This is an immense study that includes a lot of farm animals
	gut microbiome of farm animals	16S rRNA	Farm animals including goats	SRR20217815	https://trace.ncbi.nlm.nih.gov/Traces/study/?acc=SRP350029&o=acc_s%3Aa	Could not find the paper for this study. This is an immense study that includes a lot of farm animals
	gut microbiome of farm animals	16S rRNA	Farm animals including goats	SRR20217816	https://trace.ncbi.nlm.nih.gov/Traces/study/?acc=SRP350029&o=acc_s%3Aa	Could not find the paper for this study. This is an immense study that includes a lot of farm animals
	gut microbiome of farm animals	16S rRNA	Farm animals including goats	SRR20217817	https://trace.ncbi.nlm.nih.gov/Traces/study/?acc=SRP350029&o=acc_s%3Aa	Could not find the paper for this study. This is an immense study that includes a lot of farm animals
	gut microbiome of farm animals	16S rRNA	Farm animals including goats	SRR20217818	https://trace.ncbi.nlm.nih.gov/Traces/study/?acc=SRP350029&o=acc_s%3Aa	Could not find the paper for this study. This is an immense study that includes a lot of farm animals
	gut microbiome of farm animals	16S rRNA	Farm animals including goats	SRR20217819	https://trace.ncbi.nlm.nih.gov/Traces/study/?acc=SRP350029&o=acc_s%3Aa	Could not find the paper for this study. This is an immense study that includes a lot of farm animals
	gut microbiome of farm animals	16S rRNA	Farm animals including goats	SRR20217820	https://trace.ncbi.nlm.nih.gov/Traces/study/?acc=SRP350029&o=acc_s%3Aa	Could not find the paper for this study. This is an immense study that includes a lot of farm animals
	gut microbiome of farm animals	16S rRNA	Farm animals including goats	SRR20217821	https://trace.ncbi.nlm.nih.gov/Traces/study/?acc=SRP350029&o=acc_s%3Aa	Could not find the paper for this study. This is an immense study that includes a lot of farm animals
	gut microbiome of farm animals	16S rRNA	Farm animals including goats	SRR20217822	https://trace.ncbi.nlm.nih.gov/Traces/study/?acc=SRP350029&o=acc_s%3Aa	Could not find the paper for this study. This is an immense study that includes a lot of farm animals
	gut microbiome of farm animals	16S rRNA	Farm animals including goats	SRR20217823	https://trace.ncbi.nlm.nih.gov/Traces/study/?acc=SRP350029&o=acc_s%3Aa	Could not find the paper for this study. This is an immense study that includes a lot of farm animals
	gut microbiome of farm animals	16S rRNA	Farm animals including goats	SRR20217824	https://trace.ncbi.nlm.nih.gov/Traces/study/?acc=SRP350029&o=acc_s%3Aa	Could not find the paper for this study. This is an immense study that includes a lot of farm animals
	gut microbiome of farm animals	16S rRNA	Farm animals including goats	SRR20217825	https://trace.ncbi.nlm.nih.gov/Traces/study/?acc=SRP350029&o=acc_s%3Aa	Could not find the paper for this study. This is an immense study that includes a lot of farm animals
	gut microbiome of farm animals	16S rRNA	Farm animals including goats	SRR20217826	https://trace.ncbi.nlm.nih.gov/Traces/study/?acc=SRP350029&o=acc_s%3Aa	Could not find the paper for this study. This is an immense study that includes a lot of farm animals
	gut microbiome of farm animals	16S rRNA	Farm animals including goats	SRR20217827	https://trace.ncbi.nlm.nih.gov/Traces/study/?acc=SRP350029&o=acc_s%3Aa	Could not find the paper for this study. This is an immense study that includes a lot of farm animals
	gut microbiome of farm animals	16S rRNA	Farm animals including goats	SRR20217828	https://trace.ncbi.nlm.nih.gov/Traces/study/?acc=SRP350029&o=acc_s%3Aa	Could not find the paper for this study. This is an immense study that includes a lot of farm animals
	gut microbiome of farm animals	16S rRNA	Farm animals including goats	SRR20217829	https://trace.ncbi.nlm.nih.gov/Traces/study/?acc=SRP350029&o=acc_s%3Aa	Could not find the paper for this study. This is an immense study that includes a lot of farm animals
	gut microbiome of farm animals	16S rRNA	Farm animals including goats	SRR20217830	https://trace.ncbi.nlm.nih.gov/Traces/study/?acc=SRP350029&o=acc_s%3Aa	Could not find the paper for this study. This is an immense study that includes a lot of farm animals
	gut microbiome of farm animals	16S rRNA	Farm animals including goats	SRR20217831	https://trace.ncbi.nlm.nih.gov/Traces/study/?acc=SRP350029&o=acc_s%3Aa	Could not find the paper for this study. This is an immense study that includes a lot of farm animals
	gut microbiome of farm animals	16S rRNA	Farm animals including goats	SRR20217832	https://trace.ncbi.nlm.nih.gov/Traces/study/?acc=SRP350029&o=acc_s%3Aa	Could not find the paper for this study. This is an immense study that includes a lot of farm animals
	gut microbiome of farm animals	16S rRNA	Farm animals including goats	SRR20217833	https://trace.ncbi.nlm.nih.gov/Traces/study/?acc=SRP350029&o=acc_s%3Aa	Could not find the paper for this study. This is an immense study that includes a lot of farm animals
	gut microbiome of farm animals	16S rRNA	Farm animals including goats	SRR20218134	https://trace.ncbi.nlm.nih.gov/Traces/study/?acc=SRP350029&o=acc_s%3Aa	Could not find the paper for this study. This is an immense study that includes a lot of farm animals
	gut microbiome of farm animals	16S rRNA	Farm animals including goats	SRR20218135	https://trace.ncbi.nlm.nih.gov/Traces/study/?acc=SRP350029&o=acc_s%3Aa	Could not find the paper for this study. This is an immense study that includes a lot of farm animals
	gut microbiome of farm animals	16S rRNA	Farm animals including goats	SRR20218136	https://trace.ncbi.nlm.nih.gov/Traces/study/?acc=SRP350029&o=acc_s%3Aa	Could not find the paper for this study. This is an immense study that includes a lot of farm animals
	gut microbiome of farm animals	16S rRNA	Farm animals including goats	SRR20218137	https://trace.ncbi.nlm.nih.gov/Traces/study/?acc=SRP350029&o=acc_s%3Aa	Could not find the paper for this study. This is an immense study that includes a lot of farm animals
	gut microbiome of farm animals	16S rRNA	Farm animals including goats	SRR20218138	https://trace.ncbi.nlm.nih.gov/Traces/study/?acc=SRP350029&o=acc_s%3Aa	Could not find the paper for this study. This is an immense study that includes a lot of farm animals
	gut microbiome of farm animals	16S rRNA	Farm animals including goats	SRR20218139	https://trace.ncbi.nlm.nih.gov/Traces/study/?acc=SRP350029&o=acc_s%3Aa	Could not find the paper for this study. This is an immense study that includes a lot of farm animals
	gut microbiome of farm animals	16S rRNA	Farm animals including goats	SRR20218140	https://trace.ncbi.nlm.nih.gov/Traces/study/?acc=SRP350029&o=acc_s%3Aa	Could not find the paper for this study. This is an immense study that includes a lot of farm animals
	gut microbiome of farm animals	16S rRNA	Farm animals including goats	SRR20218141	https://trace.ncbi.nlm.nih.gov/Traces/study/?acc=SRP350029&o=acc_s%3Aa	Could not find the paper for this study. This is an immense study that includes a lot of farm animals
	gut microbiome of farm animals	16S rRNA	Farm animals including goats	SRR20218142	https://trace.ncbi.nlm.nih.gov/Traces/study/?acc=SRP350029&o=acc_s%3Aa	Could not find the paper for this study. This is an immense study that includes a lot of farm animals
	gut microbiome of farm animals	16S rRNA	Farm animals including goats	SRR20218143	https://trace.ncbi.nlm.nih.gov/Traces/study/?acc=SRP350029&o=acc_s%3Aa	Could not find the paper for this study. This is an immense study that includes a lot of farm animals
	gut microbiome of farm animals	16S rRNA	Farm animals including goats	SRR20218144	https://trace.ncbi.nlm.nih.gov/Traces/study/?acc=SRP350029&o=acc_s%3Aa	Could not find the paper for this study. This is an immense study that includes a lot of farm animals
	gut microbiome of farm animals	16S rRNA	Farm animals including goats	SRR20218145	https://trace.ncbi.nlm.nih.gov/Traces/study/?acc=SRP350029&o=acc_s%3Aa	Could not find the paper for this study. This is an immense study that includes a lot of farm animals
	gut microbiome of farm animals	16S rRNA	Farm animals including goats	SRR20218146	https://trace.ncbi.nlm.nih.gov/Traces/study/?acc=SRP350029&o=acc_s%3Aa	Could not find the paper for this study. This is an immense study that includes a lot of farm animals
	gut microbiome of farm animals	16S rRNA	Farm animals including goats	SRR20218147	https://trace.ncbi.nlm.nih.gov/Traces/study/?acc=SRP350029&o=acc_s%3Aa	Could not find the paper for this study. This is an immense study that includes a lot of farm animals
	gut microbiome of farm animals	16S rRNA	Farm animals including goats	SRR20218148	https://trace.ncbi.nlm.nih.gov/Traces/study/?acc=SRP350029&o=acc_s%3Aa	Could not find the paper for this study. This is an immense study that includes a lot of farm animals
	gut microbiome of farm animals	16S rRNA	Farm animals including goats	SRR20218149	https://trace.ncbi.nlm.nih.gov/Traces/study/?acc=SRP350029&o=acc_s%3Aa	Could not find the paper for this study. This is an immense study that includes a lot of farm animals
	gut microbiome of farm animals	16S rRNA	Farm animals including goats	SRR20218150	https://trace.ncbi.nlm.nih.gov/Traces/study/?acc=SRP350029&o=acc_s%3Aa	Could not find the paper for this study. This is an immense study that includes a lot of farm animals
	gut microbiome of farm animals	16S rRNA	Farm animals including goats	SRR20218151	https://trace.ncbi.nlm.nih.gov/Traces/study/?acc=SRP350029&o=acc_s%3Aa	Could not find the paper for this study. This is an immense study that includes a lot of farm animals
	gut microbiome of farm animals	16S rRNA	Farm animals including goats	SRR20218152	https://trace.ncbi.nlm.nih.gov/Traces/study/?acc=SRP350029&o=acc_s%3Aa	Could not find the paper for this study. This is an immense study that includes a lot of farm animals
	gut microbiome of farm animals	16S rRNA	Farm animals including goats	SRR20218153	https://trace.ncbi.nlm.nih.gov/Traces/study/?acc=SRP350029&o=acc_s%3Aa	Could not find the paper for this study. This is an immense study that includes a lot of farm animals
	gut microbiome of farm animals	16S rRNA	Farm animals including goats	SRR20218154	https://trace.ncbi.nlm.nih.gov/Traces/study/?acc=SRP350029&o=acc_s%3Aa	Could not find the paper for this study. This is an immense study that includes a lot of farm animals
	gut microbiome of farm animals	16S rRNA	Farm animals including goats	SRR20218155	https://trace.ncbi.nlm.nih.gov/Traces/study/?acc=SRP350029&o=acc_s%3Aa	Could not find the paper for this study. This is an immense study that includes a lot of farm animals
	gut microbiome of farm animals	16S rRNA	Farm animals including goats	SRR20218156	https://trace.ncbi.nlm.nih.gov/Traces/study/?acc=SRP350029&o=acc_s%3Aa	Could not find the paper for this study. This is an immense study that includes a lot of farm animals
	gut microbiome of farm animals	16S rRNA	Farm animals including goats	SRR20218157	https://trace.ncbi.nlm.nih.gov/Traces/study/?acc=SRP350029&o=acc_s%3Aa	Could not find the paper for this study. This is an immense study that includes a lot of farm animals
	gut microbiome of farm animals	16S rRNA	Farm animals including goats	SRR20218158	https://trace.ncbi.nlm.nih.gov/Traces/study/?acc=SRP350029&o=acc_s%3Aa	Could not find the paper for this study. This is an immense study that includes a lot of farm animals
	gut microbiome of farm animals	16S rRNA	Farm animals including goats	SRR20218159	https://trace.ncbi.nlm.nih.gov/Traces/study/?acc=SRP350029&o=acc_s%3Aa	Could not find the paper for this study. This is an immense study that includes a lot of farm animals
	gut microbiome of farm animals	16S rRNA	Farm animals including goats	SRR20218160	https://trace.ncbi.nlm.nih.gov/Traces/study/?acc=SRP350029&o=acc_s%3Aa	Could not find the paper for this study. This is an immense study that includes a lot of farm animals
	gut microbiome of farm animals	16S rRNA	Farm animals including goats	SRR20218161	https://trace.ncbi.nlm.nih.gov/Traces/study/?acc=SRP350029&o=acc_s%3Aa	Could not find the paper for this study. This is an immense study that includes a lot of farm animals
	gut microbiome of farm animals	16S rRNA	Farm animals including goats	SRR20218162	https://trace.ncbi.nlm.nih.gov/Traces/study/?acc=SRP350029&o=acc_s%3Aa	Could not find the paper for this study. This is an immense study that includes a lot of farm animals
	gut microbiome of farm animals	16S rRNA	Farm animals including goats	SRR20218163	https://trace.ncbi.nlm.nih.gov/Traces/study/?acc=SRP350029&o=acc_s%3Aa	Could not find the paper for this study. This is an immense study that includes a lot of farm animals
	gut microbiome of farm animals	16S rRNA	Farm animals including goats	SRR20218164	https://trace.ncbi.nlm.nih.gov/Traces/study/?acc=SRP350029&o=acc_s%3Aa	Could not find the paper for this study. This is an immense study that includes a lot of farm animals
	gut microbiome of farm animals	16S rRNA	Farm animals including goats	SRR20218165	https://trace.ncbi.nlm.nih.gov/Traces/study/?acc=SRP350029&o=acc_s%3Aa	Could not find the paper for this study. This is an immense study that includes a lot of farm animals
	gut microbiome of farm animals	16S rRNA	Farm animals including goats	SRR20218166	https://trace.ncbi.nlm.nih.gov/Traces/study/?acc=SRP350029&o=acc_s%3Aa	Could not find the paper for this study. This is an immense study that includes a lot of farm animals
	gut microbiome of farm animals	16S rRNA	Farm animals including goats	SRR20218167	https://trace.ncbi.nlm.nih.gov/Traces/study/?acc=SRP350029&o=acc_s%3Aa	Could not find the paper for this study. This is an immense study that includes a lot of farm animals
	gut microbiome of farm animals	16S rRNA	Farm animals including goats	SRR20218168	https://trace.ncbi.nlm.nih.gov/Traces/study/?acc=SRP350029&o=acc_s%3Aa	Could not find the paper for this study. This is an immense study that includes a lot of farm animals
	gut microbiome of farm animals	16S rRNA	Farm animals including goats	SRR20218169	https://trace.ncbi.nlm.nih.gov/Traces/study/?acc=SRP350029&o=acc_s%3Aa	Could not find the paper for this study. This is an immense study that includes a lot of farm animals
	gut microbiome of farm animals	16S rRNA	Farm animals including goats	SRR20218170	https://trace.ncbi.nlm.nih.gov/Traces/study/?acc=SRP350029&o=acc_s%3Aa	Could not find the paper for this study. This is an immense study that includes a lot of farm animals
	gut microbiome of farm animals	16S rRNA	Farm animals including goats	SRR20218171	https://trace.ncbi.nlm.nih.gov/Traces/study/?acc=SRP350029&o=acc_s%3Aa	Could not find the paper for this study. This is an immense study that includes a lot of farm animals
	gut microbiome of farm animals	16S rRNA	Farm animals including goats	SRR20218172	https://trace.ncbi.nlm.nih.gov/Traces/study/?acc=SRP350029&o=acc_s%3Aa	Could not find the paper for this study. This is an immense study that includes a lot of farm animals
	gut microbiome of farm animals	16S rRNA	Farm animals including goats	SRR20218173	https://trace.ncbi.nlm.nih.gov/Traces/study/?acc=SRP350029&o=acc_s%3Aa	Could not find the paper for this study. This is an immense study that includes a lot of farm animals
	gut microbiome of farm animals	16S rRNA	Farm animals including goats	SRR20218174	https://trace.ncbi.nlm.nih.gov/Traces/study/?acc=SRP350029&o=acc_s%3Aa	Could not find the paper for this study. This is an immense study that includes a lot of farm animals
	gut microbiome of farm animals	16S rRNA	Farm animals including goats	SRR20218175	https://trace.ncbi.nlm.nih.gov/Traces/study/?acc=SRP350029&o=acc_s%3Aa	Could not find the paper for this study. This is an immense study that includes a lot of farm animals
	gut microbiome of farm animals	16S rRNA	Farm animals including goats	SRR20218176	https://trace.ncbi.nlm.nih.gov/Traces/study/?acc=SRP350029&o=acc_s%3Aa	Could not find the paper for this study. This is an immense study that includes a lot of farm animals
	gut microbiome of farm animals	16S rRNA	Farm animals including goats	SRR20218177	https://trace.ncbi.nlm.nih.gov/Traces/study/?acc=SRP350029&o=acc_s%3Aa	Could not find the paper for this study. This is an immense study that includes a lot of farm animals
	gut microbiome of farm animals	16S rRNA	Farm animals including goats	SRR20218178	https://trace.ncbi.nlm.nih.gov/Traces/study/?acc=SRP350029&o=acc_s%3Aa	Could not find the paper for this study. This is an immense study that includes a lot of farm animals
	gut microbiome of farm animals	16S rRNA	Farm animals including goats	SRR20218179	https://trace.ncbi.nlm.nih.gov/Traces/study/?acc=SRP350029&o=acc_s%3Aa	Could not find the paper for this study. This is an immense study that includes a lot of farm animals
	gut microbiome of farm animals	16S rRNA	Farm animals including goats	SRR20218180	https://trace.ncbi.nlm.nih.gov/Traces/study/?acc=SRP350029&o=acc_s%3Aa	Could not find the paper for this study. This is an immense study that includes a lot of farm animals
	gut microbiome of farm animals	16S rRNA	Farm animals including goats	SRR20218181	https://trace.ncbi.nlm.nih.gov/Traces/study/?acc=SRP350029&o=acc_s%3Aa	Could not find the paper for this study. This is an immense study that includes a lot of farm animals
	gut microbiome of farm animals	16S rRNA	Farm animals including goats	SRR20218182	https://trace.ncbi.nlm.nih.gov/Traces/study/?acc=SRP350029&o=acc_s%3Aa	Could not find the paper for this study. This is an immense study that includes a lot of farm animals
	gut microbiome of farm animals	16S rRNA	Farm animals including goats	SRR20218183	https://trace.ncbi.nlm.nih.gov/Traces/study/?acc=SRP350029&o=acc_s%3Aa	Could not find the paper for this study. This is an immense study that includes a lot of farm animals
	gut microbiome of farm animals	16S rRNA	Farm animals including goats	SRR20218184	https://trace.ncbi.nlm.nih.gov/Traces/study/?acc=SRP350029&o=acc_s%3Aa	Could not find the paper for this study. This is an immense study that includes a lot of farm animals
	gut microbiome of farm animals	16S rRNA	Farm animals including goats	SRR20218185	https://trace.ncbi.nlm.nih.gov/Traces/study/?acc=SRP350029&o=acc_s%3Aa	Could not find the paper for this study. This is an immense study that includes a lot of farm animals
	gut microbiome of farm animals	16S rRNA	Farm animals including goats	SRR20218186	https://trace.ncbi.nlm.nih.gov/Traces/study/?acc=SRP350029&o=acc_s%3Aa	Could not find the paper for this study. This is an immense study that includes a lot of farm animals
	gut microbiome of farm animals	16S rRNA	Farm animals including goats	SRR20218187	https://trace.ncbi.nlm.nih.gov/Traces/study/?acc=SRP350029&o=acc_s%3Aa	Could not find the paper for this study. This is an immense study that includes a lot of farm animals
	gut microbiome of farm animals	16S rRNA	Farm animals including goats	SRR20218188	https://trace.ncbi.nlm.nih.gov/Traces/study/?acc=SRP350029&o=acc_s%3Aa	Could not find the paper for this study. This is an immense study that includes a lot of farm animals
	gut microbiome of farm animals	16S rRNA	Farm animals including goats	SRR20218189	https://trace.ncbi.nlm.nih.gov/Traces/study/?acc=SRP350029&o=acc_s%3Aa	Could not find the paper for this study. This is an immense study that includes a lot of farm animals
	gut microbiome of farm animals	16S rRNA	Farm animals including goats	SRR22214158	https://trace.ncbi.nlm.nih.gov/Traces/study/?acc=SRP350029&o=acc_s%3Aa	Could not find the paper for this study. This is an immense study that includes a lot of farm animals
	gut microbiome of farm animals	16S rRNA	Farm animals including goats	SRR22214159	https://trace.ncbi.nlm.nih.gov/Traces/study/?acc=SRP350029&o=acc_s%3Aa	Could not find the paper for this study. This is an immense study that includes a lot of farm animals
	gut microbiome of farm animals	16S rRNA	Farm animals including goats	SRR22214160	https://trace.ncbi.nlm.nih.gov/Traces/study/?acc=SRP350029&o=acc_s%3Aa	Could not find the paper for this study. This is an immense study that includes a lot of farm animals
	gut microbiome of farm animals	16S rRNA	Farm animals including goats	SRR22214161	https://trace.ncbi.nlm.nih.gov/Traces/study/?acc=SRP350029&o=acc_s%3Aa	Could not find the paper for this study. This is an immense study that includes a lot of farm animals
	gut microbiome of farm animals	16S rRNA	Farm animals including goats	SRR22214162	https://trace.ncbi.nlm.nih.gov/Traces/study/?acc=SRP350029&o=acc_s%3Aa	Could not find the paper for this study. This is an immense study that includes a lot of farm animals
	gut microbiome of farm animals	16S rRNA	Farm animals including goats	SRR22214163	https://trace.ncbi.nlm.nih.gov/Traces/study/?acc=SRP350029&o=acc_s%3Aa	Could not find the paper for this study. This is an immense study that includes a lot of farm animals
	gut microbiome of farm animals	16S rRNA	Farm animals including goats	SRR22214164	https://trace.ncbi.nlm.nih.gov/Traces/study/?acc=SRP350029&o=acc_s%3Aa	Could not find the paper for this study. This is an immense study that includes a lot of farm animals
	gut microbiome of farm animals	16S rRNA	Farm animals including goats	SRR22214165	https://trace.ncbi.nlm.nih.gov/Traces/study/?acc=SRP350029&o=acc_s%3Aa	Could not find the paper for this study. This is an immense study that includes a lot of farm animals
	gut microbiome of farm animals	16S rRNA	Farm animals including goats	SRR22214166	https://trace.ncbi.nlm.nih.gov/Traces/study/?acc=SRP350029&o=acc_s%3Aa	Could not find the paper for this study. This is an immense study that includes a lot of farm animals
	gut microbiome of farm animals	16S rRNA	Farm animals including goats	SRR22214167	https://trace.ncbi.nlm.nih.gov/Traces/study/?acc=SRP350029&o=acc_s%3Aa	Could not find the paper for this study. This is an immense study that includes a lot of farm animals
	gut microbiome of farm animals	16S rRNA	Farm animals including goats	SRR22214168	https://trace.ncbi.nlm.nih.gov/Traces/study/?acc=SRP350029&o=acc_s%3Aa	Could not find the paper for this study. This is an immense study that includes a lot of farm animals
	gut microbiome of farm animals	16S rRNA	Farm animals including goats	SRR22214169	https://trace.ncbi.nlm.nih.gov/Traces/study/?acc=SRP350029&o=acc_s%3Aa	Could not find the paper for this study. This is an immense study that includes a lot of farm animals
	gut microbiome of farm animals	16S rRNA	Farm animals including goats	SRR22214170	https://trace.ncbi.nlm.nih.gov/Traces/study/?acc=SRP350029&o=acc_s%3Aa	Could not find the paper for this study. This is an immense study that includes a lot of farm animals
	gut microbiome of farm animals	16S rRNA	Farm animals including goats	SRR22214171	https://trace.ncbi.nlm.nih.gov/Traces/study/?acc=SRP350029&o=acc_s%3Aa	Could not find the paper for this study. This is an immense study that includes a lot of farm animals
	gut microbiome of farm animals	16S rRNA	Farm animals including goats	SRR22214172	https://trace.ncbi.nlm.nih.gov/Traces/study/?acc=SRP350029&o=acc_s%3Aa	Could not find the paper for this study. This is an immense study that includes a lot of farm animals
	gut microbiome of farm animals	16S rRNA	Farm animals including goats	SRR22214173	https://trace.ncbi.nlm.nih.gov/Traces/study/?acc=SRP350029&o=acc_s%3Aa	Could not find the paper for this study. This is an immense study that includes a lot of farm animals
	gut microbiome of farm animals	16S rRNA	Farm animals including goats	SRR22214174	https://trace.ncbi.nlm.nih.gov/Traces/study/?acc=SRP350029&o=acc_s%3Aa	Could not find the paper for this study. This is an immense study that includes a lot of farm animals
	gut microbiome of farm animals	16S rRNA	Farm animals including goats	SRR22214175	https://trace.ncbi.nlm.nih.gov/Traces/study/?acc=SRP350029&o=acc_s%3Aa	Could not find the paper for this study. This is an immense study that includes a lot of farm animals
	gut microbiome of farm animals	16S rRNA	Farm animals including goats	SRR22214176	https://trace.ncbi.nlm.nih.gov/Traces/study/?acc=SRP350029&o=acc_s%3Aa	Could not find the paper for this study. This is an immense study that includes a lot of farm animals
	gut microbiome of farm animals	16S rRNA	Farm animals including goats	SRR22214177	https://trace.ncbi.nlm.nih.gov/Traces/study/?acc=SRP350029&o=acc_s%3Aa	Could not find the paper for this study. This is an immense study that includes a lot of farm animals
	gut microbiome of farm animals	16S rRNA	Farm animals including goats	SRR22727853	https://trace.ncbi.nlm.nih.gov/Traces/study/?acc=SRP350029&o=acc_s%3Aa	Could not find the paper for this study. This is an immense study that includes a lot of farm animals
	gut microbiome of farm animals	16S rRNA	Farm animals including goats	SRR22727854	https://trace.ncbi.nlm.nih.gov/Traces/study/?acc=SRP350029&o=acc_s%3Aa	Could not find the paper for this study. This is an immense study that includes a lot of farm animals
	gut microbiome of farm animals	16S rRNA	Farm animals including goats	SRR22727855	https://trace.ncbi.nlm.nih.gov/Traces/study/?acc=SRP350029&o=acc_s%3Aa	Could not find the paper for this study. This is an immense study that includes a lot of farm animals
	gut microbiome of farm animals	16S rRNA	Farm animals including goats	SRR22727856	https://trace.ncbi.nlm.nih.gov/Traces/study/?acc=SRP350029&o=acc_s%3Aa	Could not find the paper for this study. This is an immense study that includes a lot of farm animals
	gut microbiome of farm animals	16S rRNA	Farm animals including goats	SRR22727857	https://trace.ncbi.nlm.nih.gov/Traces/study/?acc=SRP350029&o=acc_s%3Aa	Could not find the paper for this study. This is an immense study that includes a lot of farm animals
	gut microbiome of farm animals	16S rRNA	Farm animals including goats	SRR22727858	https://trace.ncbi.nlm.nih.gov/Traces/study/?acc=SRP350029&o=acc_s%3Aa	Could not find the paper for this study. This is an immense study that includes a lot of farm animals
	gut microbiome of farm animals	16S rRNA	Farm animals including goats	SRR22727859	https://trace.ncbi.nlm.nih.gov/Traces/study/?acc=SRP350029&o=acc_s%3Aa	Could not find the paper for this study. This is an immense study that includes a lot of farm animals
	gut microbiome of farm animals	16S rRNA	Farm animals including goats	SRR22727860	https://trace.ncbi.nlm.nih.gov/Traces/study/?acc=SRP350029&o=acc_s%3Aa	Could not find the paper for this study. This is an immense study that includes a lot of farm animals
	gut microbiome of farm animals	16S rRNA	Farm animals including goats	SRR22727861	https://trace.ncbi.nlm.nih.gov/Traces/study/?acc=SRP350029&o=acc_s%3Aa	Could not find the paper for this study. This is an immense study that includes a lot of farm animals
	gut microbiome of farm animals	16S rRNA	Farm animals including goats	SRR22727862	https://trace.ncbi.nlm.nih.gov/Traces/study/?acc=SRP350029&o=acc_s%3Aa	Could not find the paper for this study. This is an immense study that includes a lot of farm animals
